{
  "step_yolo_tidy": 0.6438233852386475,
  "step_yolo_streamline": 2.703979015350342,
  "step_yolo_convert_to_hls": 1.1437208652496338,
  "step_create_dataflow_partition": 0.012935876846313477,
  "step_target_fps_parallelization": 0.030457496643066406,
  "step_generate_estimate_reports": 0.024625062942504883,
  "step_hls_codegen": 4.089353084564209,
  "step_hls_ipgen": 123.08301019668579,
  "step_yolo_set_fifo_depths": 812.586238861084,
  "step_yolo_slr_floorplan": 0.00011157989501953125,
  "step_synthesize_bitfile": 5374.017085790634,
  "step_make_pynq_driver": 23.306047916412354,
  "step_deployment_package": 0.025605440139770508
}