{
  "step_yolo_tidy": 0.4758892059326172,
  "step_yolo_streamline": 1.0612573623657227,
  "step_yolo_convert_to_hls": 0.9058425426483154,
  "step_create_dataflow_partition": 0.010563373565673828,
  "step_target_fps_parallelization": 0.03330183029174805,
  "step_generate_estimate_reports": 0.02729010581970215,
  "step_hls_codegen": 4.0258049964904785,
  "step_hls_ipgen": 120.65754699707031,
  "step_yolo_set_fifo_depths": 2389.609393596649,
  "step_yolo_slr_floorplan": 0.00010371208190917969,
  "step_synthesize_bitfile": 5524.599712371826,
  "step_make_pynq_driver": 12.224778413772583,
  "step_deployment_package": 0.027553796768188477
}