{
  "step_yolo_tidy": 0.20122003555297852,
  "step_yolo_streamline": 1.6735405921936035,
  "step_yolo_convert_to_hls": 1.2868361473083496,
  "step_create_dataflow_partition": 0.013583898544311523,
  "step_target_fps_parallelization": 0.03114795684814453,
  "step_generate_estimate_reports": 0.026971101760864258,
  "step_hls_codegen": 6.356416702270508,
  "step_hls_ipgen": 1546.5959103107452,
  "step_yolo_set_fifo_depths": 3230.8121345043182,
  "step_yolo_slr_floorplan": 7.152557373046875e-06,
  "step_synthesize_bitfile": 6.9141387939453125e-06,
  "step_make_pynq_driver": 3.0994415283203125e-06,
  "step_deployment_package": 2.1457672119140625e-06
}